company,month,postings,remote_postings
Customer.io,2026-04,4,4
Customer.io,2026-05,5,5
Customer.io,2026-06,4,4
Customer.io,2026-07,13,13
Customer.io,2026-08,1,1
Dropbox,2025-07,1,1
Dropbox,2025-10,1,1
Dropbox,2025-12,1,1
Dropbox,2026-04,4,4
Dropbox,2026-05,2,2
Dropbox,2026-06,7,7
Dropbox,2026-07,17,17
Dropbox,2026-08,7,7
Duolingo,2025-10,2,0
Duolingo,2025-12,1,0
Duolingo,2026-01,4,0
Duolingo,2026-02,4,0
Duolingo,2026-03,3,0
Duolingo,2026-04,4,0
Duolingo,2026-05,9,0
Duolingo,2026-06,17,0
Duolingo,2026-07,19,1
Duolingo,2026-08,3,0
Figma,2024-07,1,0
Figma,2024-11,1,0
Figma,2025-01,4,0
Figma,2025-04,1,0
Figma,2025-06,12,0
Figma,2025-07,1,0
Figma,2025-08,3,0
Figma,2025-09,1,0
Figma,2025-10,3,0
Figma,2025-11,7,0
Figma,2025-12,6,0
Figma,2026-01,5,0
Figma,2026-02,11,0
Figma,2026-03,13,0
Figma,2026-04,11,0
Figma,2026-05,16,0
Figma,2026-06,36,0
Figma,2026-07,40,0
Figma,2026-08,5,0
GitLab,2026-03,9,7
GitLab,2026-04,12,9
GitLab,2026-05,16,16
GitLab,2026-06,29,27
GitLab,2026-07,110,98
GitLab,2026-08,24,23
Grafana Labs,2025-12,1,1
Grafana Labs,2026-01,2,2
Grafana Labs,2026-02,1,1
Grafana Labs,2026-03,3,3
Grafana Labs,2026-04,4,4
Grafana Labs,2026-05,23,23
Grafana Labs,2026-06,20,20
Grafana Labs,2026-07,87,87
Grafana Labs,2026-08,19,19
Highspot,2024-11,1,1
Highspot,2025-11,1,0
Highspot,2025-12,1,0
Highspot,2026-01,1,0
Highspot,2026-06,8,4
Highspot,2026-07,6,1
Highspot,2026-08,2,0
Match Group,2023-10,1,0
Match Group,2023-12,1,0
Match Group,2024-01,1,0
Match Group,2024-05,1,0
Match Group,2024-07,1,0
Match Group,2024-10,1,0
Match Group,2025-06,1,0
Match Group,2025-07,1,0
Match Group,2025-09,1,0
Match Group,2025-10,1,0
Match Group,2026-02,1,0
Match Group,2026-03,3,0
Match Group,2026-04,7,0
Match Group,2026-05,5,0
Match Group,2026-06,22,0
Match Group,2026-07,33,0
Match Group,2026-08,5,0
Outreach,2024-09,1,0
Outreach,2025-11,2,0
Outreach,2025-12,1,0
Outreach,2026-01,1,0
Outreach,2026-02,1,0
Outreach,2026-04,4,2
Outreach,2026-05,3,1
Outreach,2026-06,7,6
Outreach,2026-07,16,14
Outreach,2026-08,1,1
Palantir,2009-12,1,0
Palantir,2012-12,1,0
Palantir,2013-01,1,0
Palantir,2013-03,2,0
Palantir,2014-01,1,0
Palantir,2015-08,1,0
Palantir,2016-02,1,0
Palantir,2016-04,1,0
Palantir,2016-10,1,0
Palantir,2017-08,1,0
Palantir,2018-01,1,0
Palantir,2018-04,1,0
Palantir,2018-06,2,0
Palantir,2019-01,1,0
Palantir,2019-05,2,0
Palantir,2019-10,1,0
Palantir,2020-04,4,0
Palantir,2020-05,1,0
Palantir,2020-06,1,0
Palantir,2020-08,2,0
Palantir,2020-10,2,0
Palantir,2021-05,1,0
Palantir,2021-07,8,0
Palantir,2021-08,3,0
Palantir,2021-09,3,0
Palantir,2021-10,3,0
Palantir,2022-01,3,0
Palantir,2022-03,2,0
Palantir,2022-04,8,0
Palantir,2022-06,5,0
Palantir,2022-07,1,0
Palantir,2022-08,3,0
Palantir,2022-10,2,0
Palantir,2022-11,2,0
Palantir,2023-01,1,0
Palantir,2023-06,1,0
Palantir,2023-09,2,0
Palantir,2023-11,1,0
Palantir,2024-01,2,0
Palantir,2024-02,10,0
Palantir,2024-03,7,0
Palantir,2024-05,3,0
Palantir,2024-07,1,0
Palantir,2024-08,10,0
Palantir,2024-09,2,0
Palantir,2024-10,4,0
Palantir,2024-11,5,0
Palantir,2024-12,1,0
Palantir,2025-01,3,0
Palantir,2025-02,7,0
Palantir,2025-03,4,0
Palantir,2025-04,3,0
Palantir,2025-05,3,0
Palantir,2025-06,13,1
Palantir,2025-07,2,0
Palantir,2025-08,15,0
Palantir,2025-10,6,0
Palantir,2025-11,3,0
Palantir,2025-12,5,0
Palantir,2026-01,10,0
Palantir,2026-02,9,0
Palantir,2026-03,7,0
Palantir,2026-04,17,0
Palantir,2026-05,25,0
Palantir,2026-06,26,0
Palantir,2026-07,18,0
Palantir,2026-08,2,0
Reddit,2025-01,2,2
Reddit,2025-02,1,1
Reddit,2025-04,1,1
Reddit,2025-08,3,3
Reddit,2025-10,5,5
Reddit,2025-12,1,0
Reddit,2026-01,2,2
Reddit,2026-02,3,2
Reddit,2026-03,14,10
Reddit,2026-04,9,7
Reddit,2026-05,27,20
Reddit,2026-06,69,37
Reddit,2026-07,47,28
Reddit,2026-08,6,2
Swile,2024-01,1,0
Swile,2024-04,2,2
Swile,2024-05,1,0
Swile,2024-07,2,1
Swile,2025-02,1,0
Swile,2025-04,1,0
Swile,2025-08,2,1
Swile,2025-11,1,1
Swile,2025-12,1,0
Swile,2026-03,1,0
Swile,2026-04,3,0
Swile,2026-05,1,0
Swile,2026-06,3,1
Swile,2026-07,1,0
Swile,2026-08,2,0
Veeva,2019-05,5,2
Veeva,2019-08,1,1
Veeva,2020-04,3,2
Veeva,2021-01,3,0
Veeva,2021-03,5,4
Veeva,2021-04,3,0
Veeva,2021-06,2,2
Veeva,2021-07,3,3
Veeva,2021-08,6,5
Veeva,2021-09,1,1
Veeva,2021-10,3,1
Veeva,2021-11,5,5
Veeva,2021-12,2,0
Veeva,2022-02,1,1
Veeva,2022-03,5,5
Veeva,2022-04,7,1
Veeva,2022-05,1,1
Veeva,2022-06,1,0
Veeva,2022-07,22,19
Veeva,2022-08,1,1
Veeva,2022-10,2,1
Veeva,2022-11,8,6
Veeva,2022-12,3,2
Veeva,2023-01,10,9
Veeva,2023-02,4,4
Veeva,2023-03,7,7
Veeva,2023-04,5,5
Veeva,2023-05,2,2
Veeva,2023-07,3,1
Veeva,2023-08,2,0
Veeva,2023-09,10,10
Veeva,2023-10,1,0
Veeva,2023-11,1,1
Veeva,2023-12,1,0
Veeva,2024-01,3,0
Veeva,2024-02,1,1
Veeva,2024-03,5,5
Veeva,2024-04,13,12
Veeva,2024-05,5,3
Veeva,2024-06,2,2
Veeva,2024-07,8,8
Veeva,2024-08,7,6
Veeva,2024-09,3,1
Veeva,2024-10,4,4
Veeva,2024-11,4,4
Veeva,2024-12,2,1
Veeva,2025-01,14,8
Veeva,2025-02,11,10
Veeva,2025-03,19,15
Veeva,2025-04,20,19
Veeva,2025-05,8,8
Veeva,2025-06,9,9
Veeva,2025-07,19,18
Veeva,2025-08,36,30
Veeva,2025-09,21,19
Veeva,2025-10,31,29
Veeva,2025-11,15,8
Veeva,2025-12,22,19
Veeva,2026-01,32,29
Veeva,2026-02,32,26
Veeva,2026-03,66,47
Veeva,2026-04,43,39
Veeva,2026-05,41,28
Veeva,2026-06,57,52
Veeva,2026-07,100,84
Veeva,2026-08,24,24
Vercel,2024-01,2,0
Vercel,2024-05,1,0
Vercel,2024-07,1,0
Vercel,2025-01,2,1
Vercel,2025-03,1,0
Vercel,2025-06,1,0
Vercel,2025-08,3,0
Vercel,2025-10,1,0
Vercel,2025-11,2,0
Vercel,2025-12,1,1
Vercel,2026-01,4,0
Vercel,2026-02,8,1
Vercel,2026-03,3,1
Vercel,2026-04,6,0
Vercel,2026-05,1,0
Vercel,2026-06,16,2
Vercel,2026-07,27,4
Vercel,2026-08,2,1
Zoox,2016-02,1,0
Zoox,2022-05,1,0
Zoox,2023-05,1,0
Zoox,2023-08,1,0
Zoox,2023-10,1,0
Zoox,2024-03,1,0
Zoox,2024-07,1,0
Zoox,2024-09,1,0
Zoox,2024-10,1,0
Zoox,2024-11,1,0
Zoox,2024-12,1,0
Zoox,2025-01,1,0
Zoox,2025-02,2,0
Zoox,2025-03,1,0
Zoox,2025-04,1,0
Zoox,2025-05,2,0
Zoox,2025-06,1,0
Zoox,2025-07,1,0
Zoox,2025-08,2,0
Zoox,2025-09,2,0
Zoox,2025-10,7,0
Zoox,2025-11,3,0
Zoox,2025-12,4,0
Zoox,2026-01,13,0
Zoox,2026-02,10,0
Zoox,2026-03,12,0
Zoox,2026-04,16,0
Zoox,2026-05,38,0
Zoox,2026-06,45,0
Zoox,2026-07,51,0
Zoox,2026-08,21,0
